{
  "project_info": {
    "project_number": "994400477277",
    "project_id": "travelappbd-8e204",
    "storage_bucket": "travelappbd-8e204.firebasestorage.app"
  },
  "client": [
    {
      "client_info": {
        "mobilesdk_app_id": "1:994400477277:android:34f51ed88693e9baa06db4",
        "android_client_info": {
          "package_name": "com.example.kotlinview"
        }
      },
      "oauth_client": [
        {
          "client_id": "994400477277-ropltmpc3ec8ovelbgac7feice2d5qct.apps.googleusercontent.com",
          "client_type": 3
        }
      ],
      "api_key": [
        {
          "current_key": "AIzaSyC-0WUy2rG3aJYiKo-vACx7G26WWYRzvLc"
        }
      ],
      "services": {
        "appinvite_service": {
          "other_platform_oauth_client": [
            {
              "client_id": "994400477277-ropltmpc3ec8ovelbgac7feice2d5qct.apps.googleusercontent.com",
              "client_type": 3
            }
          ]
        }
      }
    }
  ],
  "configuration_version": "1"
}